{"version": "1", "message": "ERROR: Hidden Testcases server unreachable.", "problem_id": "ads2_m6_a1_1", "user_id": "PrasamsaNeelam", "score": {"sample": {"0": {"execution_time": 1.4077105522155762, "passed": false}, "1": {"execution_time": 0.3584933280944824, "passed": false}, "2": {"execution_time": 0.3623383045196533, "passed": false}, "3": {"execution_time": 0.3201158046722412, "passed": false}, "4": {"execution_time": 0.32097578048706055, "passed": false}, "5": {"execution_time": 0.48290467262268066, "passed": true}, "6": {"execution_time": 0.5698344707489014, "passed": true}, "7": {"execution_time": 0.42522215843200684, "passed": false}, "8": {"execution_time": 0.3897988796234131, "passed": true}, "9": {"execution_time": 0.5123062133789062, "passed": false}, "10": {"execution_time": 0.31821227073669434, "passed": true}, "11": {"execution_time": 0.3290576934814453, "passed": false}}}, "check_style_score": "0/1"}