{"version": "1", "message": "ERROR: Hidden Testcases server unreachable.", "problem_id": "ads2_m6_a1_1", "user_id": "PrasamsaNeelam", "score": {"sample": {"0": {"execution_time": 1.693948745727539, "passed": false}, "1": {"execution_time": 0.35061168670654297, "passed": false}, "2": {"execution_time": 0.24584054946899414, "passed": false}, "3": {"execution_time": 0.33536529541015625, "passed": false}, "4": {"execution_time": 0.3585824966430664, "passed": false}, "5": {"execution_time": 0.27431321144104004, "passed": false}, "6": {"execution_time": 0.4010651111602783, "passed": false}, "7": {"execution_time": 0.24785470962524414, "passed": false}, "8": {"execution_time": 0.25217509269714355, "passed": false}, "9": {"execution_time": 0.482407808303833, "passed": false}, "10": {"execution_time": 0.2752370834350586, "passed": false}, "11": {"execution_time": 0.31099653244018555, "passed": false}}}, "check_style_score": "0/1"}