{"version": "1", "message": "ERROR: Hidden Testcases server unreachable.", "problem_id": "ads2_m6_a1_1", "user_id": "PrasamsaNeelam", "score": {"sample": {"0": {"execution_time": 0.3892545700073242, "passed": false}, "1": {"execution_time": 0.35500478744506836, "passed": false}, "2": {"execution_time": 0.5142974853515625, "passed": false}, "3": {"execution_time": 0.36814236640930176, "passed": false}, "4": {"execution_time": 0.5259027481079102, "passed": false}, "5": {"execution_time": 0.617100715637207, "passed": true}, "6": {"execution_time": 0.3440382480621338, "passed": true}, "7": {"execution_time": 0.34380412101745605, "passed": false}, "8": {"execution_time": 0.34586048126220703, "passed": true}, "9": {"execution_time": 0.4243311882019043, "passed": false}, "10": {"execution_time": 0.5617120265960693, "passed": true}, "11": {"execution_time": 0.4385497570037842, "passed": false}}}, "check_style_score": "1/1"}