{"version": "1", "message": "ERROR: Hidden Testcases server unreachable.", "problem_id": "ads2_m6_a1_1", "user_id": "PrasamsaNeelam", "score": {"sample": {"0": {"execution_time": 0.3645920753479004, "passed": false}, "1": {"execution_time": 0.3519930839538574, "passed": false}, "2": {"execution_time": 0.44289493560791016, "passed": false}, "3": {"execution_time": 0.36838197708129883, "passed": false}, "4": {"execution_time": 0.42997026443481445, "passed": false}, "5": {"execution_time": 0.4399137496948242, "passed": true}, "6": {"execution_time": 0.5532114505767822, "passed": true}, "7": {"execution_time": 0.41204309463500977, "passed": false}, "8": {"execution_time": 0.34081506729125977, "passed": true}, "9": {"execution_time": 0.3691439628601074, "passed": false}, "10": {"execution_time": 0.33557772636413574, "passed": true}, "11": {"execution_time": 0.3356614112854004, "passed": false}}}, "check_style_score": "0/1"}