{"version": "1", "message": "ERROR: Hidden Testcases server unreachable.", "problem_id": "ads2_m6_a1_1", "user_id": "PrasamsaNeelam", "score": {"sample": {"0": {"execution_time": 0.3049001693725586, "passed": false}, "1": {"execution_time": 0.35196709632873535, "passed": false}, "2": {"execution_time": 0.33721089363098145, "passed": false}, "3": {"execution_time": 0.2764256000518799, "passed": false}, "4": {"execution_time": 0.2873830795288086, "passed": false}, "5": {"execution_time": 0.3986959457397461, "passed": false}, "6": {"execution_time": 0.28040504455566406, "passed": false}, "7": {"execution_time": 0.24081182479858398, "passed": false}, "8": {"execution_time": 0.2435898780822754, "passed": false}, "9": {"execution_time": 0.2344820499420166, "passed": false}, "10": {"execution_time": 0.3178739547729492, "passed": false}, "11": {"execution_time": 0.2807648181915283, "passed": false}}}, "check_style_score": "0/1"}