{"version": "1", "message": "ERROR: Hidden Testcases server unreachable.", "problem_id": "ads2_m2_a1_1", "user_id": "PrasamsaNeelam", "score": {"sample": {"0": {"execution_time": 1.3133840560913086, "passed": true}, "1": {"execution_time": 0.2201547622680664, "passed": true}, "2": {"execution_time": 0.20444345474243164, "passed": true}, "3": {"execution_time": 0.21567225456237793, "passed": true}, "4": {"execution_time": 0.2120344638824463, "passed": true}, "5": {"execution_time": 0.21977472305297852, "passed": true}, "6": {"execution_time": 0.22001051902770996, "passed": true}, "7": {"execution_time": 0.21539807319641113, "passed": true}, "8": {"execution_time": 0.2109837532043457, "passed": true}, "9": {"execution_time": 0.210923433303833, "passed": true}, "10": {"execution_time": 0.21830105781555176, "passed": true}, "11": {"execution_time": 0.2144780158996582, "passed": true}, "12": {"execution_time": 0.19990062713623047, "passed": true}, "13": {"execution_time": 0.21035385131835938, "passed": true}, "14": {"execution_time": 0.2138528823852539, "passed": true}, "15": {"execution_time": 0.2308063507080078, "passed": true}, "16": {"execution_time": 0.3288764953613281, "passed": true}, "17": {"execution_time": 0.2839999198913574, "passed": true}, "18": {"execution_time": 0.28725242614746094, "passed": true}, "19": {"execution_time": 0.2644026279449463, "passed": true}, "20": {"execution_time": 0.3215453624725342, "passed": true}, "21": {"execution_time": 0.21795225143432617, "passed": true}, "22": {"execution_time": 0.3449873924255371, "passed": true}, "23": {"execution_time": 0.32798314094543457, "passed": true}}}, "check_style_score": "0/1"}