{"version": "1", "message": "ERROR: Hidden Testcases server unreachable.", "problem_id": "ads2_m2_a1_1", "user_id": "PrasamsaNeelam", "score": {"sample": {"0": {"execution_time": 0.3090693950653076, "passed": true}, "1": {"execution_time": 0.28618884086608887, "passed": true}, "2": {"execution_time": 0.2702205181121826, "passed": true}, "3": {"execution_time": 0.2613058090209961, "passed": true}, "4": {"execution_time": 0.33460426330566406, "passed": true}, "5": {"execution_time": 0.3199002742767334, "passed": true}, "6": {"execution_time": 0.281649112701416, "passed": true}, "7": {"execution_time": 0.2994365692138672, "passed": true}, "8": {"execution_time": 0.27103686332702637, "passed": true}, "9": {"execution_time": 0.290407657623291, "passed": true}, "10": {"execution_time": 0.2806668281555176, "passed": true}, "11": {"execution_time": 0.2688026428222656, "passed": true}, "12": {"execution_time": 0.2816002368927002, "passed": true}, "13": {"execution_time": 0.2624683380126953, "passed": true}, "14": {"execution_time": 0.2653083801269531, "passed": true}, "15": {"execution_time": 0.2946004867553711, "passed": true}, "16": {"execution_time": 0.3047921657562256, "passed": true}, "17": {"execution_time": 0.3355889320373535, "passed": true}, "18": {"execution_time": 0.3179616928100586, "passed": true}, "19": {"execution_time": 0.3320043087005615, "passed": true}, "20": {"execution_time": 0.34842777252197266, "passed": true}, "21": {"execution_time": 0.27426791191101074, "passed": true}, "22": {"execution_time": 0.397416353225708, "passed": true}, "23": {"execution_time": 0.3866865634918213, "passed": true}}}, "check_style_score": "0/1"}