{"version": "1", "message": "ERROR: Hidden Testcases server unreachable.", "problem_id": "ads2_m2_a1_1", "user_id": "PrasamsaNeelam", "score": {"sample": {"0": {"execution_time": 0.3375437259674072, "passed": true}, "1": {"execution_time": 0.262653112411499, "passed": true}, "2": {"execution_time": 0.2597689628601074, "passed": true}, "3": {"execution_time": 0.24909496307373047, "passed": true}, "4": {"execution_time": 0.25484514236450195, "passed": true}, "5": {"execution_time": 0.28135156631469727, "passed": true}, "6": {"execution_time": 0.25414466857910156, "passed": true}, "7": {"execution_time": 0.2577095031738281, "passed": true}, "8": {"execution_time": 0.2613232135772705, "passed": true}, "9": {"execution_time": 0.24146270751953125, "passed": true}, "10": {"execution_time": 0.27446746826171875, "passed": true}, "11": {"execution_time": 0.29716992378234863, "passed": true}, "12": {"execution_time": 0.2902865409851074, "passed": true}, "13": {"execution_time": 0.2687511444091797, "passed": true}, "14": {"execution_time": 0.3070261478424072, "passed": true}, "15": {"execution_time": 0.3391549587249756, "passed": true}, "16": {"execution_time": 0.3267543315887451, "passed": true}, "17": {"execution_time": 0.37040185928344727, "passed": true}, "18": {"execution_time": 0.3130195140838623, "passed": true}, "19": {"execution_time": 0.3483107089996338, "passed": true}, "20": {"execution_time": 0.3479146957397461, "passed": true}, "21": {"execution_time": 0.2740199565887451, "passed": true}, "22": {"execution_time": 0.4789295196533203, "passed": true}, "23": {"execution_time": 0.42397522926330566, "passed": true}}}, "check_style_score": "0/1"}