{"version": "1", "message": "ERROR: Hidden Testcases server unreachable.", "problem_id": "ads2_m2_a1_1", "user_id": "PrasamsaNeelam", "score": {"sample": {"0": {"execution_time": 0.32517123222351074, "passed": true}, "1": {"execution_time": 0.26238298416137695, "passed": true}, "2": {"execution_time": 0.301727294921875, "passed": true}, "3": {"execution_time": 0.2582821846008301, "passed": true}, "4": {"execution_time": 0.2997093200683594, "passed": true}, "5": {"execution_time": 0.27660489082336426, "passed": true}, "6": {"execution_time": 0.2784748077392578, "passed": true}, "7": {"execution_time": 0.2685832977294922, "passed": true}, "8": {"execution_time": 0.2928452491760254, "passed": true}, "9": {"execution_time": 0.26545023918151855, "passed": true}, "10": {"execution_time": 0.25833725929260254, "passed": true}, "11": {"execution_time": 0.25028300285339355, "passed": true}, "12": {"execution_time": 0.25858354568481445, "passed": true}, "13": {"execution_time": 0.27454662322998047, "passed": true}, "14": {"execution_time": 0.27756667137145996, "passed": true}, "15": {"execution_time": 0.30679869651794434, "passed": true}, "16": {"execution_time": 0.31421422958374023, "passed": true}, "17": {"execution_time": 0.3183712959289551, "passed": true}, "18": {"execution_time": 0.3273465633392334, "passed": true}, "19": {"execution_time": 0.3520808219909668, "passed": true}, "20": {"execution_time": 0.3410065174102783, "passed": true}, "21": {"execution_time": 0.3850524425506592, "passed": true}, "22": {"execution_time": 0.3475668430328369, "passed": true}, "23": {"execution_time": 0.36624598503112793, "passed": true}}}, "check_style_score": "0/1"}