{"version": "1", "message": "ERROR: Hidden Testcases server unreachable.", "problem_id": "ads2_m2_a1_1", "user_id": "PrasamsaNeelam", "score": {"sample": {"0": {"execution_time": 0.3336637020111084, "passed": true}, "1": {"execution_time": 0.36400437355041504, "passed": true}, "2": {"execution_time": 0.27167820930480957, "passed": true}, "3": {"execution_time": 0.25827479362487793, "passed": true}, "4": {"execution_time": 0.255267858505249, "passed": true}, "5": {"execution_time": 0.24471497535705566, "passed": true}, "6": {"execution_time": 0.24812817573547363, "passed": true}, "7": {"execution_time": 0.25908875465393066, "passed": true}, "8": {"execution_time": 0.2823503017425537, "passed": true}, "9": {"execution_time": 0.2494184970855713, "passed": true}, "10": {"execution_time": 0.2746286392211914, "passed": true}, "11": {"execution_time": 0.2755091190338135, "passed": true}, "12": {"execution_time": 0.2699127197265625, "passed": true}, "13": {"execution_time": 0.2733464241027832, "passed": true}, "14": {"execution_time": 0.2334294319152832, "passed": true}, "15": {"execution_time": 0.2919149398803711, "passed": true}, "16": {"execution_time": 0.31325268745422363, "passed": true}, "17": {"execution_time": 0.3138594627380371, "passed": true}, "18": {"execution_time": 0.3690457344055176, "passed": true}, "19": {"execution_time": 0.327927827835083, "passed": true}, "20": {"execution_time": 0.378986120223999, "passed": true}, "21": {"execution_time": 0.43231821060180664, "passed": true}, "22": {"execution_time": 0.5281782150268555, "passed": true}, "23": {"execution_time": 0.5832383632659912, "passed": true}}}, "check_style_score": "0/1"}