{"version": "1", "message": "ERROR: Hidden Testcases server unreachable.", "problem_id": "ads2_m2_a1_1", "user_id": "PrasamsaNeelam", "score": {"sample": {"0": {"execution_time": 0.32236528396606445, "passed": true}, "1": {"execution_time": 0.26418423652648926, "passed": true}, "2": {"execution_time": 0.26805949211120605, "passed": true}, "3": {"execution_time": 0.2943434715270996, "passed": true}, "4": {"execution_time": 0.2695615291595459, "passed": true}, "5": {"execution_time": 0.2775108814239502, "passed": true}, "6": {"execution_time": 0.2870447635650635, "passed": true}, "7": {"execution_time": 0.24739933013916016, "passed": true}, "8": {"execution_time": 0.2483043670654297, "passed": true}, "9": {"execution_time": 0.2724578380584717, "passed": true}, "10": {"execution_time": 0.23930931091308594, "passed": true}, "11": {"execution_time": 0.2675313949584961, "passed": true}, "12": {"execution_time": 0.27265286445617676, "passed": true}, "13": {"execution_time": 0.28980135917663574, "passed": true}, "14": {"execution_time": 0.26282787322998047, "passed": true}, "15": {"execution_time": 0.30553746223449707, "passed": true}, "16": {"execution_time": 0.27833986282348633, "passed": true}, "17": {"execution_time": 0.34091758728027344, "passed": true}, "18": {"execution_time": 0.3127937316894531, "passed": true}, "19": {"execution_time": 0.3381314277648926, "passed": true}, "20": {"execution_time": 0.3770260810852051, "passed": true}, "21": {"execution_time": 0.2674736976623535, "passed": true}, "22": {"execution_time": 0.4247138500213623, "passed": true}, "23": {"execution_time": 0.39064836502075195, "passed": true}}}, "check_style_score": "0/1"}