{"version": "1", "message": "ERROR: Hidden Testcases server unreachable.", "problem_id": "ads2_m2_a1_1", "user_id": "PrasamsaNeelam", "score": {"sample": {"0": {"execution_time": 0.3374612331390381, "passed": true}, "1": {"execution_time": 0.25413966178894043, "passed": true}, "2": {"execution_time": 0.253324031829834, "passed": true}, "3": {"execution_time": 0.29162073135375977, "passed": true}, "4": {"execution_time": 0.26923298835754395, "passed": true}, "5": {"execution_time": 0.2586045265197754, "passed": true}, "6": {"execution_time": 0.2667067050933838, "passed": true}, "7": {"execution_time": 0.25719237327575684, "passed": true}, "8": {"execution_time": 0.27904486656188965, "passed": true}, "9": {"execution_time": 0.2734034061431885, "passed": true}, "10": {"execution_time": 0.2539944648742676, "passed": true}, "11": {"execution_time": 0.2828371524810791, "passed": true}, "12": {"execution_time": 0.2643890380859375, "passed": true}, "13": {"execution_time": 0.27640366554260254, "passed": true}, "14": {"execution_time": 0.2753591537475586, "passed": true}, "15": {"execution_time": 0.31089162826538086, "passed": true}, "16": {"execution_time": 0.305283784866333, "passed": true}, "17": {"execution_time": 0.3214752674102783, "passed": true}, "18": {"execution_time": 0.29856395721435547, "passed": true}, "19": {"execution_time": 0.3274073600769043, "passed": true}, "20": {"execution_time": 0.35338258743286133, "passed": true}, "21": {"execution_time": 0.29139137268066406, "passed": true}, "22": {"execution_time": 0.3685603141784668, "passed": true}, "23": {"execution_time": 0.3625671863555908, "passed": true}}}, "check_style_score": "0/1"}