{"version": "1", "message": "ERROR: Hidden Testcases server unreachable.", "problem_id": "ads2_m16_a1_1", "user_id": "PrasamsaNeelam", "score": {"sample": {"0": {"execution_time": 1.3606150150299072, "passed": true}, "1": {"execution_time": 0.5983695983886719, "passed": true}, "2": {"execution_time": 1.0660555362701416, "passed": true}, "3": {"execution_time": 0.9207198619842529, "passed": true}, "4": {"execution_time": 0.9116072654724121, "passed": true}, "5": {"execution_time": 0.8706629276275635, "passed": true}, "6": {"execution_time": 0.9174768924713135, "passed": true}, "7": {"execution_time": 0.9879767894744873, "passed": true}, "8": {"execution_time": 0.6822080612182617, "passed": true}, "9": {"execution_time": 0.8993909358978271, "passed": true}, "10": {"execution_time": 0.9337129592895508, "passed": true}, "11": {"execution_time": 4.782206296920776, "passed": true}, "12": {"execution_time": 1.0595338344573975, "passed": true}, "13": {"execution_time": 0.5199816226959229, "passed": true}, "14": {"execution_time": 0.8033394813537598, "passed": true}, "15": {"execution_time": 0.8906741142272949, "passed": true}, "16": {"execution_time": 0.6492547988891602, "passed": true}, "17": {"execution_time": 0.5404267311096191, "passed": true}, "18": {"execution_time": 0.5965077877044678, "passed": true}, "19": {"execution_time": 0.5643935203552246, "passed": true}, "20": {"execution_time": 0.5612852573394775, "passed": true}, "21": {"execution_time": 0.5398240089416504, "passed": true}, "22": {"execution_time": 0.4815237522125244, "passed": true}, "23": {"execution_time": 0.6378107070922852, "passed": true}, "24": {"execution_time": 0.4936213493347168, "passed": true}, "25": {"execution_time": 1.0167973041534424, "passed": true}, "26": {"execution_time": 1.043492078781128, "passed": true}, "27": {"execution_time": 1.1636552810668945, "passed": true}, "28": {"execution_time": 1.7036895751953125, "passed": true}, "29": {"execution_time": 0.6135022640228271, "passed": true}}}, "check_style_score": "1/1"}