{"version": "1", "message": "ERROR: Hidden Testcases server unreachable.", "problem_id": "ads2_m16_a1_1", "user_id": "PrasamsaNeelam", "score": {"sample": {"0": {"execution_time": 0.4137451648712158, "passed": false}, "1": {"execution_time": 0.4094045162200928, "passed": false}, "2": {"execution_time": 0.7887544631958008, "passed": false}, "3": {"execution_time": 0.7918548583984375, "passed": false}, "4": {"execution_time": 0.8212411403656006, "passed": false}, "5": {"execution_time": 0.7916457653045654, "passed": false}, "6": {"execution_time": 0.8920507431030273, "passed": false}, "7": {"execution_time": 0.9007961750030518, "passed": true}, "8": {"execution_time": 0.5190742015838623, "passed": false}, "9": {"execution_time": 0.8800585269927979, "passed": false}, "10": {"execution_time": 0.7711052894592285, "passed": false}, "11": {"execution_time": 1.3946533203125, "passed": true}, "12": {"execution_time": 0.7809090614318848, "passed": false}, "13": {"execution_time": 0.4232141971588135, "passed": true}, "14": {"execution_time": 0.7851481437683105, "passed": false}, "15": {"execution_time": 0.8566715717315674, "passed": false}, "16": {"execution_time": 0.5426599979400635, "passed": true}, "17": {"execution_time": 0.635716438293457, "passed": true}, "18": {"execution_time": 0.6273486614227295, "passed": true}, "19": {"execution_time": 0.5446152687072754, "passed": true}, "20": {"execution_time": 0.5430867671966553, "passed": true}, "21": {"execution_time": 0.4733457565307617, "passed": false}, "22": {"execution_time": 0.49722886085510254, "passed": false}, "23": {"execution_time": 0.4891946315765381, "passed": false}, "24": {"execution_time": 0.3654465675354004, "passed": true}, "25": {"execution_time": 0.8563399314880371, "passed": false}, "26": {"execution_time": 0.7561938762664795, "passed": false}, "27": {"execution_time": 0.973135232925415, "passed": false}, "28": {"execution_time": 1.3160831928253174, "passed": false}, "29": {"execution_time": 0.36185431480407715, "passed": true}}}, "check_style_score": "0/1"}