{"version": "1", "message": "ERROR: Hidden Testcases server unreachable.", "problem_id": "ads2_m16_a1_1", "user_id": "PrasamsaNeelam", "score": {"sample": {"0": {"execution_time": 1.426405906677246, "passed": false}, "1": {"execution_time": 0.47333645820617676, "passed": false}, "2": {"execution_time": 3.76460862159729, "passed": false}, "3": {"execution_time": 0.8831994533538818, "passed": false}, "4": {"execution_time": 0.9509575366973877, "passed": false}, "5": {"execution_time": 0.7545101642608643, "passed": false}, "6": {"execution_time": 0.9808533191680908, "passed": false}, "7": {"execution_time": 0.8211379051208496, "passed": false}, "8": {"execution_time": 1.1112451553344727, "passed": false}, "9": {"execution_time": 1.0938827991485596, "passed": false}, "10": {"execution_time": 0.8651227951049805, "passed": false}, "11": {"execution_time": 0.3944888114929199, "passed": false}, "12": {"execution_time": 1.113924264907837, "passed": false}, "13": {"execution_time": 0.5177266597747803, "passed": true}, "14": {"execution_time": 0.9440667629241943, "passed": false}, "15": {"execution_time": 1.5926642417907715, "passed": false}, "16": {"execution_time": 0.8380346298217773, "passed": false}, "17": {"execution_time": 0.49350666999816895, "passed": false}, "18": {"execution_time": 0.4857516288757324, "passed": false}, "19": {"execution_time": 0.5422918796539307, "passed": false}, "20": {"execution_time": 0.5267398357391357, "passed": false}, "21": {"execution_time": 0.5040717124938965, "passed": false}, "22": {"execution_time": 0.5304813385009766, "passed": false}, "23": {"execution_time": 0.5338695049285889, "passed": false}, "24": {"execution_time": 0.40901613235473633, "passed": true}, "25": {"execution_time": 1.0093755722045898, "passed": false}, "26": {"execution_time": 1.2233343124389648, "passed": false}, "27": {"execution_time": 1.2948415279388428, "passed": false}, "28": {"execution_time": 1.6692531108856201, "passed": false}, "29": {"execution_time": 1.033393144607544, "passed": true}}}, "check_style_score": "0/1"}