{"version": "1", "message": "ERROR: Hidden Testcases server unreachable.", "problem_id": "ads2_m16_a1_1", "user_id": "PrasamsaNeelam", "score": {"sample": {"0": {"execution_time": 0.6195669174194336, "passed": false}, "1": {"execution_time": 0.5006537437438965, "passed": false}, "2": {"execution_time": 0.7395386695861816, "passed": false}, "3": {"execution_time": 0.8599443435668945, "passed": false}, "4": {"execution_time": 0.8492245674133301, "passed": false}, "5": {"execution_time": 0.7496907711029053, "passed": false}, "6": {"execution_time": 0.8049240112304688, "passed": false}, "7": {"execution_time": 0.8299407958984375, "passed": false}, "8": {"execution_time": 0.5064499378204346, "passed": false}, "9": {"execution_time": 0.8065848350524902, "passed": false}, "10": {"execution_time": 0.7725443840026855, "passed": false}, "11": {"execution_time": 0.7051126956939697, "passed": false}, "12": {"execution_time": 0.8127233982086182, "passed": false}, "13": {"execution_time": 0.6535799503326416, "passed": false}, "14": {"execution_time": 0.8922123908996582, "passed": false}, "15": {"execution_time": 0.7668464183807373, "passed": false}, "16": {"execution_time": 0.6052882671356201, "passed": false}, "17": {"execution_time": 0.4498291015625, "passed": false}, "18": {"execution_time": 0.5601320266723633, "passed": false}, "19": {"execution_time": 0.4727969169616699, "passed": false}, "20": {"execution_time": 0.5986628532409668, "passed": false}, "21": {"execution_time": 0.5240697860717773, "passed": false}, "22": {"execution_time": 0.5745933055877686, "passed": false}, "23": {"execution_time": 0.417522668838501, "passed": false}, "24": {"execution_time": 0.48346376419067383, "passed": false}, "25": {"execution_time": 0.7740347385406494, "passed": false}, "26": {"execution_time": 0.6741747856140137, "passed": false}, "27": {"execution_time": 0.7817671298980713, "passed": false}, "28": {"execution_time": 1.3230738639831543, "passed": false}, "29": {"execution_time": 0.5514099597930908, "passed": true}}}, "check_style_score": "0/1"}