{"version": "1", "message": "ERROR: Hidden Testcases server unreachable.", "problem_id": "ads2_m16_a1_1", "user_id": "PrasamsaNeelam", "score": {"sample": {"0": {"execution_time": 0.41577601432800293, "passed": false}, "1": {"execution_time": 0.403395414352417, "passed": false}, "2": {"execution_time": 0.766409158706665, "passed": false}, "3": {"execution_time": 0.7634792327880859, "passed": false}, "4": {"execution_time": 0.7410671710968018, "passed": false}, "5": {"execution_time": 0.9904005527496338, "passed": false}, "6": {"execution_time": 0.9244306087493896, "passed": false}, "7": {"execution_time": 0.8816275596618652, "passed": false}, "8": {"execution_time": 0.41644287109375, "passed": false}, "9": {"execution_time": 0.7816262245178223, "passed": false}, "10": {"execution_time": 1.1156706809997559, "passed": false}, "11": {"execution_time": 0.32951927185058594, "passed": false}, "12": {"execution_time": 0.77950119972229, "passed": false}, "13": {"execution_time": 0.3664882183074951, "passed": true}, "14": {"execution_time": 0.7848532199859619, "passed": false}, "15": {"execution_time": 0.8465518951416016, "passed": false}, "16": {"execution_time": 0.45205092430114746, "passed": false}, "17": {"execution_time": 0.5441651344299316, "passed": true}, "18": {"execution_time": 0.41910886764526367, "passed": false}, "19": {"execution_time": 0.5197441577911377, "passed": false}, "20": {"execution_time": 0.49913954734802246, "passed": false}, "21": {"execution_time": 0.4757218360900879, "passed": false}, "22": {"execution_time": 0.5699067115783691, "passed": false}, "23": {"execution_time": 0.5119209289550781, "passed": false}, "24": {"execution_time": 0.4201536178588867, "passed": true}, "25": {"execution_time": 0.9847149848937988, "passed": false}, "26": {"execution_time": 0.8946669101715088, "passed": false}, "27": {"execution_time": 0.8046083450317383, "passed": false}, "28": {"execution_time": 1.2692923545837402, "passed": false}, "29": {"execution_time": 0.34413909912109375, "passed": true}}}, "check_style_score": "1/1"}