{"version": "1", "message": "ERROR: Hidden Testcases server unreachable.", "problem_id": "ads2_m16_a1_1", "user_id": "PrasamsaNeelam", "score": {"sample": {"0": {"execution_time": 0.48874783515930176, "passed": true}, "1": {"execution_time": 0.5032753944396973, "passed": true}, "2": {"execution_time": 0.8885889053344727, "passed": true}, "3": {"execution_time": 0.9465291500091553, "passed": true}, "4": {"execution_time": 0.9024055004119873, "passed": true}, "5": {"execution_time": 0.7341439723968506, "passed": true}, "6": {"execution_time": 0.8887207508087158, "passed": true}, "7": {"execution_time": 0.8661074638366699, "passed": true}, "8": {"execution_time": 0.44667649269104004, "passed": true}, "9": {"execution_time": 0.9105823040008545, "passed": true}, "10": {"execution_time": 0.8276498317718506, "passed": true}, "11": {"execution_time": 4.812333345413208, "passed": true}, "12": {"execution_time": 0.7491588592529297, "passed": true}, "13": {"execution_time": 0.46768641471862793, "passed": true}, "14": {"execution_time": 0.8756651878356934, "passed": true}, "15": {"execution_time": 0.8110811710357666, "passed": true}, "16": {"execution_time": 0.5269379615783691, "passed": true}, "17": {"execution_time": 0.48404622077941895, "passed": true}, "18": {"execution_time": 0.5459456443786621, "passed": true}, "19": {"execution_time": 0.47881102561950684, "passed": true}, "20": {"execution_time": 0.5747451782226562, "passed": true}, "21": {"execution_time": 0.4738759994506836, "passed": true}, "22": {"execution_time": 0.4761641025543213, "passed": true}, "23": {"execution_time": 0.4624667167663574, "passed": true}, "24": {"execution_time": 0.4931328296661377, "passed": true}, "25": {"execution_time": 0.9488255977630615, "passed": true}, "26": {"execution_time": 0.9350802898406982, "passed": true}, "27": {"execution_time": 1.2004318237304688, "passed": true}, "28": {"execution_time": 1.4520723819732666, "passed": true}, "29": {"execution_time": 0.4808676242828369, "passed": true}}}, "check_style_score": "1/1"}