{"version": "1", "message": "ERROR: Hidden Testcases server unreachable.", "problem_id": "ads2_m16_a1_1", "user_id": "PrasamsaNeelam", "score": {"sample": {"0": {"execution_time": 0.5759809017181396, "passed": true}, "1": {"execution_time": 0.4923243522644043, "passed": true}, "2": {"execution_time": 0.87424635887146, "passed": true}, "3": {"execution_time": 1.0151264667510986, "passed": true}, "4": {"execution_time": 0.8219952583312988, "passed": true}, "5": {"execution_time": 0.9443674087524414, "passed": true}, "6": {"execution_time": 1.306828498840332, "passed": true}, "7": {"execution_time": 0.8677535057067871, "passed": true}, "8": {"execution_time": 0.5389766693115234, "passed": true}, "9": {"execution_time": 1.0814971923828125, "passed": true}, "10": {"execution_time": 0.837228536605835, "passed": true}, "11": {"execution_time": 4.637531280517578, "passed": true}, "12": {"execution_time": 0.8273065090179443, "passed": true}, "13": {"execution_time": 0.5760517120361328, "passed": true}, "14": {"execution_time": 0.8013474941253662, "passed": true}, "15": {"execution_time": 0.7933099269866943, "passed": true}, "16": {"execution_time": 0.5119409561157227, "passed": true}, "17": {"execution_time": 0.5611495971679688, "passed": true}, "18": {"execution_time": 0.5681166648864746, "passed": true}, "19": {"execution_time": 0.5525774955749512, "passed": true}, "20": {"execution_time": 0.599454402923584, "passed": true}, "21": {"execution_time": 0.5454733371734619, "passed": true}, "22": {"execution_time": 0.7087080478668213, "passed": true}, "23": {"execution_time": 0.5931105613708496, "passed": true}, "24": {"execution_time": 0.4020247459411621, "passed": true}, "25": {"execution_time": 1.0642204284667969, "passed": true}, "26": {"execution_time": 0.8944168090820312, "passed": true}, "27": {"execution_time": 1.1350774765014648, "passed": true}, "28": {"execution_time": 1.5879507064819336, "passed": true}, "29": {"execution_time": 0.44637131690979004, "passed": true}}}, "check_style_score": "1/1"}