{"version": "1", "message": "ERROR: Hidden Testcases server unreachable.", "problem_id": "ads2_m16_a1_1", "user_id": "PrasamsaNeelam", "score": {"sample": {"0": {"execution_time": 0.45511555671691895, "passed": false}, "1": {"execution_time": 0.5600559711456299, "passed": false}, "2": {"execution_time": 0.908261775970459, "passed": false}, "3": {"execution_time": 0.8999207019805908, "passed": false}, "4": {"execution_time": 0.9143526554107666, "passed": false}, "5": {"execution_time": 1.139498233795166, "passed": false}, "6": {"execution_time": 1.072652816772461, "passed": false}, "7": {"execution_time": 1.1052772998809814, "passed": true}, "8": {"execution_time": 0.576890230178833, "passed": false}, "9": {"execution_time": 10.056266069412231, "passed": false}, "10": {"execution_time": 10.029600620269775, "passed": false}, "11": {"execution_time": 10.02053189277649, "passed": false}, "12": {"execution_time": 0.9374947547912598, "passed": false}, "13": {"execution_time": 0.3752923011779785, "passed": true}, "14": {"execution_time": 10.058248519897461, "passed": false}, "15": {"execution_time": 10.340972900390625, "passed": false}, "16": {"execution_time": 0.5102424621582031, "passed": true}, "17": {"execution_time": 0.7093009948730469, "passed": false}, "18": {"execution_time": 0.5154287815093994, "passed": false}, "19": {"execution_time": 10.043018817901611, "passed": false}, "20": {"execution_time": 10.027485609054565, "passed": false}, "21": {"execution_time": 4.591429233551025, "passed": false}, "22": {"execution_time": 4.090329170227051, "passed": false}, "23": {"execution_time": 10.042047500610352, "passed": false}, "24": {"execution_time": 0.4941987991333008, "passed": true}, "25": {"execution_time": 10.054201602935791, "passed": false}, "26": {"execution_time": 10.035853147506714, "passed": false}, "27": {"execution_time": 10.044083833694458, "passed": false}, "28": {"execution_time": 10.065250396728516, "passed": false}, "29": {"execution_time": 0.32235074043273926, "passed": true}}}, "check_style_score": "0/1"}