{"version": "1", "message": "ERROR: Hidden Testcases server unreachable.", "problem_id": "ads2_m16_a1_1", "user_id": "PrasamsaNeelam", "score": {"sample": {"0": {"execution_time": 0.46790647506713867, "passed": false}, "1": {"execution_time": 0.5554840564727783, "passed": false}, "2": {"execution_time": 1.04862380027771, "passed": false}, "3": {"execution_time": 0.7790699005126953, "passed": false}, "4": {"execution_time": 0.7854869365692139, "passed": false}, "5": {"execution_time": 0.8181629180908203, "passed": false}, "6": {"execution_time": 0.7749359607696533, "passed": false}, "7": {"execution_time": 0.8487229347229004, "passed": false}, "8": {"execution_time": 0.44426488876342773, "passed": false}, "9": {"execution_time": 0.7626228332519531, "passed": false}, "10": {"execution_time": 0.7935922145843506, "passed": false}, "11": {"execution_time": 0.4534909725189209, "passed": false}, "12": {"execution_time": 0.9243350028991699, "passed": false}, "13": {"execution_time": 0.4240388870239258, "passed": true}, "14": {"execution_time": 0.8260595798492432, "passed": false}, "15": {"execution_time": 1.0945184230804443, "passed": false}, "16": {"execution_time": 0.5179016590118408, "passed": false}, "17": {"execution_time": 0.39002084732055664, "passed": true}, "18": {"execution_time": 0.47048068046569824, "passed": false}, "19": {"execution_time": 0.5867609977722168, "passed": false}, "20": {"execution_time": 0.5793273448944092, "passed": false}, "21": {"execution_time": 0.5750279426574707, "passed": false}, "22": {"execution_time": 0.42374277114868164, "passed": false}, "23": {"execution_time": 0.7303342819213867, "passed": false}, "24": {"execution_time": 0.5477662086486816, "passed": true}, "25": {"execution_time": 1.2349371910095215, "passed": false}, "26": {"execution_time": 0.7244620323181152, "passed": false}, "27": {"execution_time": 0.7505991458892822, "passed": false}, "28": {"execution_time": 1.2773056030273438, "passed": false}, "29": {"execution_time": 0.35205078125, "passed": false}}}, "check_style_score": "1/1"}