{"version": "1", "message": "ERROR: Hidden Testcases server unreachable.", "problem_id": "ads2_m16_a1_1", "user_id": "PrasamsaNeelam", "score": {"sample": {"0": {"execution_time": 0.5739972591400146, "passed": false}, "1": {"execution_time": 0.3874239921569824, "passed": false}, "2": {"execution_time": 0.7182905673980713, "passed": false}, "3": {"execution_time": 0.9791040420532227, "passed": false}, "4": {"execution_time": 0.9708595275878906, "passed": false}, "5": {"execution_time": 0.7485451698303223, "passed": false}, "6": {"execution_time": 0.9747805595397949, "passed": false}, "7": {"execution_time": 0.8156578540802002, "passed": false}, "8": {"execution_time": 0.5675930976867676, "passed": false}, "9": {"execution_time": 0.7772917747497559, "passed": false}, "10": {"execution_time": 0.7437517642974854, "passed": false}, "11": {"execution_time": 0.3596031665802002, "passed": false}, "12": {"execution_time": 0.7363913059234619, "passed": false}, "13": {"execution_time": 0.4299771785736084, "passed": true}, "14": {"execution_time": 0.7857067584991455, "passed": false}, "15": {"execution_time": 0.7060785293579102, "passed": false}, "16": {"execution_time": 0.35889315605163574, "passed": false}, "17": {"execution_time": 0.4297370910644531, "passed": false}, "18": {"execution_time": 0.4811127185821533, "passed": false}, "19": {"execution_time": 0.5341100692749023, "passed": false}, "20": {"execution_time": 0.5345442295074463, "passed": false}, "21": {"execution_time": 0.4275965690612793, "passed": false}, "22": {"execution_time": 0.4053781032562256, "passed": false}, "23": {"execution_time": 0.4900035858154297, "passed": false}, "24": {"execution_time": 0.45763564109802246, "passed": true}, "25": {"execution_time": 0.8131093978881836, "passed": false}, "26": {"execution_time": 0.6155927181243896, "passed": false}, "27": {"execution_time": 0.7403771877288818, "passed": false}, "28": {"execution_time": 1.4765512943267822, "passed": false}, "29": {"execution_time": 0.3590278625488281, "passed": false}}}, "check_style_score": "1/1"}