{"version": "1", "message": "ERROR: Hidden Testcases server unreachable.", "problem_id": "ads2_m16_a1_1", "user_id": "PrasamsaNeelam", "score": {"sample": {"0": {"execution_time": 0.7390570640563965, "passed": true}, "1": {"execution_time": 0.4223899841308594, "passed": true}, "2": {"execution_time": 0.8899202346801758, "passed": true}, "3": {"execution_time": 0.8285307884216309, "passed": true}, "4": {"execution_time": 1.0577096939086914, "passed": true}, "5": {"execution_time": 0.8137454986572266, "passed": true}, "6": {"execution_time": 0.8839237689971924, "passed": true}, "7": {"execution_time": 0.864661455154419, "passed": true}, "8": {"execution_time": 0.6011033058166504, "passed": true}, "9": {"execution_time": 0.9013521671295166, "passed": true}, "10": {"execution_time": 0.781764030456543, "passed": true}, "11": {"execution_time": 4.446096181869507, "passed": true}, "12": {"execution_time": 0.9072127342224121, "passed": true}, "13": {"execution_time": 0.3632392883300781, "passed": true}, "14": {"execution_time": 0.7575602531433105, "passed": true}, "15": {"execution_time": 0.8644342422485352, "passed": true}, "16": {"execution_time": 0.5948803424835205, "passed": true}, "17": {"execution_time": 0.42670512199401855, "passed": true}, "18": {"execution_time": 0.5738370418548584, "passed": true}, "19": {"execution_time": 0.508183479309082, "passed": true}, "20": {"execution_time": 0.5991451740264893, "passed": true}, "21": {"execution_time": 0.4884345531463623, "passed": true}, "22": {"execution_time": 0.4743020534515381, "passed": true}, "23": {"execution_time": 0.48390913009643555, "passed": true}, "24": {"execution_time": 0.4060342311859131, "passed": true}, "25": {"execution_time": 0.9768390655517578, "passed": true}, "26": {"execution_time": 0.8974282741546631, "passed": true}, "27": {"execution_time": 0.961449384689331, "passed": true}, "28": {"execution_time": 1.603194236755371, "passed": true}, "29": {"execution_time": 0.5532431602478027, "passed": true}}}, "check_style_score": "1/1"}