{"version": "1", "message": "ERROR: Hidden Testcases server unreachable.", "problem_id": "ads2_m16_a1_1", "user_id": "PrasamsaNeelam", "score": {"sample": {"0": {"execution_time": 0.500615119934082, "passed": true}, "1": {"execution_time": 0.5562701225280762, "passed": true}, "2": {"execution_time": 0.7990245819091797, "passed": true}, "3": {"execution_time": 0.7683255672454834, "passed": true}, "4": {"execution_time": 0.7931807041168213, "passed": true}, "5": {"execution_time": 0.8453903198242188, "passed": true}, "6": {"execution_time": 0.7712867259979248, "passed": true}, "7": {"execution_time": 0.9601218700408936, "passed": true}, "8": {"execution_time": 0.6235599517822266, "passed": true}, "9": {"execution_time": 0.8389630317687988, "passed": true}, "10": {"execution_time": 0.9354891777038574, "passed": true}, "11": {"execution_time": 4.704801797866821, "passed": true}, "12": {"execution_time": 0.8726835250854492, "passed": true}, "13": {"execution_time": 0.5685060024261475, "passed": true}, "14": {"execution_time": 0.7279660701751709, "passed": true}, "15": {"execution_time": 0.8110611438751221, "passed": true}, "16": {"execution_time": 0.535233736038208, "passed": true}, "17": {"execution_time": 0.46788740158081055, "passed": true}, "18": {"execution_time": 0.45087361335754395, "passed": true}, "19": {"execution_time": 0.535907506942749, "passed": true}, "20": {"execution_time": 0.6347923278808594, "passed": true}, "21": {"execution_time": 0.5773541927337646, "passed": true}, "22": {"execution_time": 0.41599535942077637, "passed": true}, "23": {"execution_time": 0.5246810913085938, "passed": true}, "24": {"execution_time": 0.3792235851287842, "passed": true}, "25": {"execution_time": 1.0122990608215332, "passed": true}, "26": {"execution_time": 0.9333164691925049, "passed": true}, "27": {"execution_time": 1.135227918624878, "passed": true}, "28": {"execution_time": 1.6198692321777344, "passed": true}, "29": {"execution_time": 0.43839120864868164, "passed": true}}}, "check_style_score": "0/1"}