{"version": "1", "message": "ERROR: Hidden Testcases server unreachable.", "problem_id": "ads2_m16_a1_1", "user_id": "PrasamsaNeelam", "score": {"sample": {"0": {"execution_time": 0.4008910655975342, "passed": false}, "1": {"execution_time": 0.44880175590515137, "passed": false}, "2": {"execution_time": 0.9364421367645264, "passed": false}, "3": {"execution_time": 0.7810220718383789, "passed": false}, "4": {"execution_time": 0.7972414493560791, "passed": false}, "5": {"execution_time": 1.2734489440917969, "passed": false}, "6": {"execution_time": 1.2559094429016113, "passed": false}, "7": {"execution_time": 1.3841784000396729, "passed": true}, "8": {"execution_time": 0.6635429859161377, "passed": false}, "9": {"execution_time": 1.2760863304138184, "passed": false}, "10": {"execution_time": 1.260115146636963, "passed": false}, "11": {"execution_time": 1.8898060321807861, "passed": true}, "12": {"execution_time": 1.3902521133422852, "passed": false}, "13": {"execution_time": 0.5342123508453369, "passed": true}, "14": {"execution_time": 1.2800064086914062, "passed": false}, "15": {"execution_time": 1.199897050857544, "passed": false}, "16": {"execution_time": 0.6392855644226074, "passed": true}, "17": {"execution_time": 0.667755126953125, "passed": true}, "18": {"execution_time": 0.4431629180908203, "passed": true}, "19": {"execution_time": 0.5407154560089111, "passed": true}, "20": {"execution_time": 0.4576413631439209, "passed": true}, "21": {"execution_time": 0.5383150577545166, "passed": false}, "22": {"execution_time": 0.45769596099853516, "passed": false}, "23": {"execution_time": 0.46659421920776367, "passed": false}, "24": {"execution_time": 0.5456268787384033, "passed": true}, "25": {"execution_time": 1.220975637435913, "passed": false}, "26": {"execution_time": 0.7569806575775146, "passed": false}, "27": {"execution_time": 0.962028980255127, "passed": false}, "28": {"execution_time": 1.2670037746429443, "passed": false}, "29": {"execution_time": 0.3932230472564697, "passed": true}}}, "check_style_score": "0/1"}