{"version": "1", "message": "ERROR: Hidden Testcases server unreachable.", "problem_id": "ads2_m16_a1_1", "user_id": "PrasamsaNeelam", "score": {"sample": {"0": {"execution_time": 1.0229175090789795, "passed": false}, "1": {"execution_time": 0.41845107078552246, "passed": false}, "2": {"execution_time": 0.5898399353027344, "passed": false}, "3": {"execution_time": 0.7007491588592529, "passed": false}, "4": {"execution_time": 0.5141880512237549, "passed": false}, "5": {"execution_time": 0.5379257202148438, "passed": false}, "6": {"execution_time": 0.5361449718475342, "passed": false}, "7": {"execution_time": 0.5736479759216309, "passed": false}, "8": {"execution_time": 0.5080010890960693, "passed": false}, "9": {"execution_time": 0.5214283466339111, "passed": false}, "10": {"execution_time": 0.6541051864624023, "passed": false}, "11": {"execution_time": 0.4728388786315918, "passed": false}, "12": {"execution_time": 0.5933773517608643, "passed": false}, "13": {"execution_time": 0.3400294780731201, "passed": true}, "14": {"execution_time": 0.7466027736663818, "passed": false}, "15": {"execution_time": 0.6433253288269043, "passed": false}, "16": {"execution_time": 0.40038394927978516, "passed": false}, "17": {"execution_time": 0.6083371639251709, "passed": false}, "18": {"execution_time": 0.5777943134307861, "passed": false}, "19": {"execution_time": 0.5930240154266357, "passed": false}, "20": {"execution_time": 0.3836033344268799, "passed": false}, "21": {"execution_time": 0.3683943748474121, "passed": false}, "22": {"execution_time": 0.5938000679016113, "passed": false}, "23": {"execution_time": 0.34210634231567383, "passed": false}, "24": {"execution_time": 0.508474588394165, "passed": true}, "25": {"execution_time": 0.7006828784942627, "passed": false}, "26": {"execution_time": 0.447310209274292, "passed": false}, "27": {"execution_time": 0.5503578186035156, "passed": false}, "28": {"execution_time": 0.7913253307342529, "passed": false}, "29": {"execution_time": 0.489321231842041, "passed": false}}}, "check_style_score": "0/1"}